{
  "products": [
    {
      "title": "AI Contact Form",
      "slug": "ai-contact-form",
      "name": "AI Contact Form",
      "image": "extensions-json/sections/images/ai.png",
      "excerpt": "Add AI capabilities like interactive chatbox, AI generated email notifications, and more to your forms.",
      "link": "https://docs.everestforms.net/docs/ai/?utm_source=dashboard-all-feature&utm_medium=card-documentation-link",
      "released_date": "23/11/2023",
      "plan": [
        "personal",
        "agency",
        "themegrill agency"
      ],
      "setting_url": "admin.php?page=evf-settings&tab=ai",
      "demo_video_url": "2Hs_dwpyJ54"
    },
    {
      "title": "Custom Captcha",
      "slug": "everest-forms-captcha",
      "name": "Everest Forms Captcha",
      "image": "extensions-json/sections/images/custom-captcha.png",
      "excerpt": "Allows you to add custom questions or math captcha to your form and fight back against spam form submissions. It also adds a security layer to your website.",
      "link": "https://docs.everestforms.net/docs/captcha/?utm_source=dashboard-all-feature&utm_medium=card-documentation-link",
      "released_date": "16/07/2019",
      "plan": [
        "personal",
        "agency",
        "themegrill agency"
      ],
      "setting_url": "",
      "demo_video_url": "obScswjZ24Q",
      "popular_rank": 2
    },
    {
      "title": "Multi Part Forms",
      "slug": "everest-forms-multi-part",
      "name": "Everest Forms Multi Part",
      "image": "extensions-json/sections/images/multi-part-forms.png",
      "excerpt": "Allows you to easily break your long forms into multiple parts. It helps you to make a stepwise form instead of a long-form which adds rich user experience to your website.",
      "link": "https://docs.everestforms.net/docs/multi-part-form/?utm_source=dashboard-all-feature&utm_medium=card-documentation-link",
      "released_date": "31/10/2018",
      "plan": [
        "personal",
        "agency",
        "themegrill agency"
      ],
      "setting_url": "",
      "demo_video_url": "qVpDzAx-_4A",
      "popular_rank": 3
    },
    {
      "title": "PDF Form Submission",
      "slug": "everest-forms-pdf-submission",
      "name": "Everest Forms PDF Submission",
      "image": "extensions-json/sections/images/pdf-submission.png",
      "excerpt": "Allows you to generate digital PDF documents of any form submission to export them. It also lets you to send a PDF copy of the form submission via email attachment.",
      "link": "https://docs.everestforms.net/docs/pdf-form-submission/?utm_source=dashboard-all-feature&utm_medium=card-documentation-link",
      "released_date": "10/09/2018",
      "plan": [
        "personal",
        "agency",
        "themegrill agency"
      ],
      "setting_url": "admin.php?page=evf-settings&tab=pdf-submission",
      "demo_video_url": "37CtaxJzYis",
      "popular_rank": 4
    },
    {
      "title": "Email Templates",
      "slug": "everest-forms-email-templates",
      "name": "Everest Forms Email Templates",
      "image": "extensions-json/sections/images/email-templates.png",
      "excerpt": "Allows you to make email design changes without coding. Powerful customizing panel with live preview helps you customize colors, fonts, spacing, background, alignment and more.",
      "link": "https://docs.everestforms.net/docs/email-template/?utm_source=dashboard-all-feature&utm_medium=card-documentation-link",
      "released_date": "23/09/2022",
      "plan": [
        "personal",
        "agency",
        "themegrill agency"
      ],
      "setting_url": "",
      "demo_video_url": "Cp2aL7IkAXc",
      "popular_rank": 5
    },
    {
      "title": "Survey Polls and Quiz",
      "slug": "everest-forms-survey-polls-quiz",
      "name": "Everest Forms Survey, Polls and Quiz",
      "image": "extensions-json/sections/images/survey-polls-quiz.png",
      "excerpt": "Allows you to create an intuitive survey, poll and quiz forms easily. It also provides admin reporting for data-driven decisions and other additional fields like Likert and Scale Rating.",
      "link": "https://docs.everestforms.net/docs/survey-polls-and-quiz/?utm_source=dashboard-all-feature&utm_medium=card-documentation-link",
      "released_date": "22/03/2019",
      "plan": [
        "personal",
        "agency",
        "themegrill agency"
      ],
      "setting_url": "",
      "demo_video_url": "i1vR-YmaBOg",
      "popular_rank": 7
    },
    {
      "title": "PayPal Standard",
      "slug": "everest-forms-paypal-standard",
      "name": "Everest Forms PayPal Standard",
      "image": "extensions-json/sections/images/payment-paypal.png",
      "excerpt": "Allows you to integrate online payment service to your e-commerce website. You can connect your Everest forms with PayPal to easily collect payments, donations, and online orders.",
      "link": "https://docs.everestforms.net/docs/paypal-standard/?utm_source=dashboard-all-feature&utm_medium=card-documentation-link",
      "released_date": "10/09/2018",
      "plan": [
        "personal",
        "agency",
        "themegrill agency"
      ],
      "setting_url": "",
      "demo_video_url": "pcwPjCt7N2I",
      "popular_rank": 8
    },
    {
      "title": "Google Sheets",
      "slug": "everest-forms-google-sheets",
      "name": "Everest Forms Google Sheets",
      "image": "extensions-json/sections/images/google-sheets.png",
      "excerpt": "Allows you to send form submission data to Google Sheets spreadsheets.",
      "link": "https://docs.everestforms.net/docs/google-sheets/?utm_source=dashboard-all-feature&utm_medium=card-documentation-link",
      "released_date": "29/03/2022",
      "plan": [
        "personal",
        "agency",
        "themegrill agency"
      ],
      "setting_url": "admin.php?page=evf-settings&tab=integration&section=google_sheets",
      "demo_video_url": "tvS6Y_rNBfs",
      "popular_rank": 9
    },
    {
      "title": "Save And Continue",
      "slug": "everest-forms-save-and-continue",
      "name": "Everest Forms Save And Continue",
      "image": "extensions-json/sections/images/save-and-continue.png",
      "excerpt": "Allows users to save their partially filled information and continue to work on it later. Users can opt to receive a link if they wish to continue later with the form",
      "link": "https://docs.everestforms.net/docs/save-and-continue/?utm_source=dashboard-all-feature&utm_medium=card-documentation-link",
      "released_date": "16/09/2021",
      "plan": [
        "personal",
        "agency",
        "themegrill agency"
      ],
      "setting_url": "",
      "demo_video_url": "4xxEi0rSB20",
      "popular_rank": 11
    },
    {
      "title": "Stripe",
      "slug": "everest-forms-stripe",
      "name": "Everest Forms Stripe",
      "image": "extensions-json/sections/images/payment-stripe.png",
      "excerpt": "Allows you to integrate online payment service to your e-commerce website. You can connect your Everest forms with Stripe to easily collect payments, donations, and online orders.",
      "link": "https://docs.everestforms.net/docs/stripe/?utm_source=dashboard-all-feature&utm_medium=card-documentation-link",
      "released_date": "04/04/2019",
      "plan": [
        "personal",
        "agency",
        "themegrill agency"
      ],
      "setting_url": "admin.php?page=evf-settings&tab=payment",
      "demo_video_url": "wZXnaxLxdz4",
      "popular_rank": 14
    },
    {
      "title": "Repeater Fields",
      "slug": "everest-forms-repeater-fields",
      "name": "Everest Forms Repeater Fields",
      "image": "extensions-json/sections/images/repeater-fields.png",
      "excerpt": "Repeater field add-on allows you to repeatedly add a set of form fields within your WordPress forms.",
      "link": "https://docs.everestforms.net/docs/repeater-fields/?utm_source=dashboard-all-feature&utm_medium=card-documentation-link",
      "released_date": "26/10/2021",
      "plan": [
        "personal",
        "agency",
        "themegrill agency"
      ],
      "setting_url": "",
      "demo_video_url": "W2lc02Ge-FU",
      "popular_rank": 10
    },
    {
      "title": "Geolocation",
      "slug": "everest-forms-geolocation",
      "name": "Everest Forms Geolocation",
      "image": "extensions-json/sections/images/geolocation.png",
      "excerpt": "Allows you to collect precise location of your visitors and store their geolocation data like IP, Country, and Postal/Zip Code along with form submissions.",
      "link": "https://docs.everestforms.net/docs/geolocation/?utm_source=dashboard-all-feature&utm_medium=card-documentation-link",
      "released_date": "15/09/2018",
      "plan": [
        "personal",
        "agency",
        "themegrill agency"
      ],
      "setting_url": "admin.php?page=evf-settings&tab=geolocation",
      "demo_video_url": "j02yG57GA20",
      "popular_rank": 13
    },
    {
      "title": "Form Restriction",
      "slug": "everest-forms-form-restriction",
      "name": "Everest Forms Form Restriction",
      "image": "extensions-json/sections/images/form-restriction.png",
      "excerpt": "Allows you to easily control and restrict by limiting entries, scheduling submission dates, password protection for the form submissions.",
      "link": "https://docs.everestforms.net/docs/form-restriction/?utm_source=dashboard-all-feature&utm_medium=card-documentation-link",
      "released_date": "15/07/2020",
      "plan": [
        "personal",
        "agency",
        "themegrill agency"
      ],
      "setting_url": "",
      "demo_video_url": "Q1-dja7m3Sc",
      "popular_rank": 15
    },
    {
      "title": "Post Submissions",
      "slug": "everest-forms-post-submissions",
      "name": "Everest Forms Post Submissions",
      "image": "extensions-json/sections/images/post-submissions.png",
      "excerpt": "Allows you to have user-submitted content. It also lets your users to submit their blogs posts from front-end without the hassle of logging into the admin dashboard.",
      "link": "https://docs.everestforms.net/docs/post-submissions/?utm_source=dashboard-all-feature&utm_medium=card-documentation-link",
      "released_date": "16/07/2019",
      "plan": [
        "personal",
        "agency",
        "themegrill agency"
      ],
      "setting_url": "",
      "demo_video_url": "gTtewu4DpCo",
      "popular_rank": 18
    },
    {
      "title": "Conversational Forms",
      "slug": "everest-forms-conversational-forms",
      "name": "Everest Forms Conversational Forms",
      "image": "extensions-json/sections/images/conversational-forms.png",
      "excerpt": "Allow you to make your form submission more interactive. The Everest Forms Conversational Forms Add-on will assist you in modernizing your questionnaires, contact forms, and application forms. It enhances your form to the next level and beyond!",
      "link": "https://docs.everestforms.net/docs/conversational-forms/?utm_source=dashboard-all-feature&utm_medium=card-documentation-link",
      "released_date": "18/10/2022",
      "plan": [
        "personal",
        "agency",
        "themegrill agency"
      ],
      "setting_url": "",
      "demo_video_url": "XO38b8Lp19s",
      "popular_rank": 21
    },
    {
      "title": "Frontend Listing",
      "slug": "everest-forms-frontend-listing",
      "name": "Everest Forms Frontend Listing",
      "image": "extensions-json/sections/images/frontend-listing.png",
      "excerpt": "The Frontend Listing add-on for Everest Forms allows you to list your entries in your site’s posts or pages. Visitors can view and check user entries of a particular form.",
      "link": "https://docs.everestforms.net/docs/frontend-listing/?utm_source=dashboard-all-feature&utm_medium=card-documentation-link",
      "released_date": "15/06/2022",
      "plan": [
        "personal",
        "agency",
        "themegrill agency"
      ],
      "setting_url": "",
      "demo_video_url": "LBNuyo4lpTY",
      "popular_rank": 20
    },
    {
      "title": "Zapier",
      "slug": "everest-forms-zapier",
      "name": "Everest Forms Zapier",
      "image": "extensions-json/sections/images/zapier.png",
      "excerpt": "Allows you to easily connect your forms with over 1500+ popular web applications without any hassle. It makes integrating forms and apps buttery-smooth.",
      "link": "https://docs.everestforms.net/docs/zapier/?utm_source=dashboard-all-feature&utm_medium=card-documentation-link",
      "released_date": "02/05/2019",
      "plan": [
        "personal",
        "agency",
        "themegrill agency"
      ],
      "setting_url": "",
      "demo_video_url": "t7NRAPZCbYg",
      "popular_rank": 19
    },
    {
      "title": "Cloud Storage",
      "slug": "everest-forms-cloud-storage",
      "name": "Everest Forms Cloud Storage",
      "image": "extensions-json/sections/images/cloud-storage.png",
      "excerpt": "Everest Forms Cloud Storage add-on is a WordPress Cloud Storage integration plugin that allows you to easily send Everest Forms files directly to your Cloud Storage account. ",
      "link": "https://docs.everestforms.net/docs/cloud-storage/?utm_source=dashboard-all-feature&utm_medium=card-documentation-link",
      "released_date": "31/08/2022",
      "plan": [
        "personal",
        "agency",
        "themegrill agency"
      ],
      "setting_url": "",
      "demo_video_url": "yXE4ydYfkic",
      "popular_rank": 23
    },
    {
      "title": "Advanced Form Analytics",
      "slug": "everest-forms-form-analytics",
      "name": "Everest Forms Advanced Form Analytics",
      "image": "extensions-json/sections/images/form-analytics.png",
      "excerpt": "Track user interactions efficiently by monitoring impressions, conversions, abandonments, and bounce rate.",
      "link": "https://docs.everestforms.net/docs/form-analytics/?utm_source=dashboard-all-feature&utm_medium=card-documentation-link",
      "released_date": "30/08/2023",
      "plan": [
        "personal",
        "agency",
        "themegrill agency"
      ],
      "setting_url": "admin.php?page=evf-settings&tab=analytics",
      "demo_video_url": "BCT7c8EmQfg"
    },
    {
      "title": "Hubspot",
      "slug": "everest-forms-hubspot",
      "name": "Everest Forms Hubspot",
      "image": "extensions-json/sections/images/hubspot.png",
      "excerpt": "With the Everest Forms HubSpot add-On, you can smoothly integrate your lead generation forms with HubSpot.",
      "link": "https://docs.everestforms.net/docs/hubspot/?utm_source=dashboard-all-feature&utm_medium=card-documentation-link",
      "released_date": "26/09/2022 ",
      "plan": [
        "personal",
        "agency",
        "themegrill agency"
      ],
      "setting_url": "admin.php?page=evf-settings&tab=integration&section=hubspot",
      "demo_video_url": "mOhJkZpBMPY",
      "popular_rank": 28
    },
    {
      "title": "Salesforce",
      "slug": "everest-forms-salesforce",
      "name": "Everest Forms Salesforce",
      "image": "extensions-json/sections/images/salesforce.png",
      "excerpt": "Everest Forms Salesforce add-on is a WordPress Salesforce integration plugin that allows you to easily send Everest Forms entries directly to your Salesforce account. ",
      "link": "https://docs.everestforms.net/docs/salesforce/?utm_source=dashboard-all-feature&utm_medium=card-documentation-link",
      "released_date": "31/08/2022",
      "plan": [
        "personal",
        "agency",
        "themegrill agency"
      ],
      "setting_url": "admin.php?page=evf-settings&tab=integration&section=salesforce",
      "demo_video_url": "1VsyUu4NAhk",
      "popular_rank": 30
    },
    {
      "title": "Authorize.Net",
      "slug": "everest-forms-authorize-net",
      "name": "Everest Forms Authorize.Net",
      "image": "extensions-json/sections/images/authorize-net.png",
      "excerpt": "Allows you to integrate online payment service to your e-commerce website. You can connect your Everest forms with Authorize.Net to easily collect payments, donations, and online orders.",
      "link": "https://docs.everestforms.net/docs/authorize-net/?utm_source=dashboard-all-feature&utm_medium=card-documentation-link",
      "released_date": "14/06/2023",
      "plan": [
        "personal",
        "agency",
        "themegrill agency"
      ],
      "setting_url": "admin.php?page=evf-settings&tab=payment",
      "demo_video_url": "a5EcKjwWD1A",
      "popular_rank": 31
    },
    {
      "title": "Razorpay",
      "slug": "everest-forms-razorpay",
      "name": "Everest Forms Razorpay",
      "image": "extensions-json/sections/images/razorpay.png",
      "excerpt": "Razor Pay add-on for Everest Forms allows you to accept/collect payment via your form all over India.",
      "link": "https://docs.everestforms.net/docs/razorpay/?utm_source=dashboard-all-feature&utm_medium=card-documentation-link",
      "released_date": "19/05/2022",
      "plan": [
        "personal",
        "agency",
        "themegrill agency"
      ],
      "setting_url": "admin.php?page=evf-settings&tab=payment",
      "demo_video_url": "2Og6b1JXDWs",
      "popular_rank": 36
    },
    {
      "title": "Zoho",
      "slug": "everest-forms-zoho",
      "name": "Everest Forms Zoho CRM",
      "image": "extensions-json/sections/images/zoho.png",
      "excerpt": "Everest Forms Zoho CRM add-on is a WordPress Zoho CRM integration plugin that allows you to easily send Everest Forms entries directly to your Zoho CRM account. ",
      "link": "https://docs.everestforms.net/docs/zoho-crm/?utm_source=dashboard-all-feature&utm_medium=card-documentation-link",
      "released_date": "19/07/2022",
      "plan": [
        "personal",
        "agency",
        "themegrill agency"
      ],
      "setting_url": "admin.php?page=evf-settings&tab=integration&section=zoho",
      "demo_video_url": "sfHFiUIHpg0",
      "popular_rank": 34
    }
  ],
  "features": [
	{
		"title": "Coupons",
		"slug": "everest-forms-coupons",
		"name": "Everest Forms Coupons",
		"image": "extensions-json/sections/images/coupons.png",
		"excerpt": "With the Everest Forms Coupon add-on, you can quickly create or add a coupon code on a form to encourage users to purchase the products.",
		"link": "https://docs.everestforms.net/docs/coupons/?utm_source=dashboard-all-feature&utm_medium=card-documentation-link",
		"released_date": "23/09/2020",
		"plan": [
		  "personal",
		  "agency",
		  "themegrill agency"
		],
		"setting_url": "",
		"demo_video_url": "GSYQIiyntW0",
		"popular_rank": 24
	  },
    {
      "title": "Style Customizer",
      "slug": "everest-forms-style-customizer",
      "name": "Everest Forms Style Customizer",
      "image": "extensions-json/sections/images/style-customizer.png",
      "excerpt": "Allows you to make design changes without coding. Powerful customizing panel with live preview helps you customize colors, fonts, spacing, background, alignment and more.",
      "link": "https://docs.everestforms.net/docs/style-customizer/?utm_source=dashboard-all-feature&utm_medium=card-documentation-link",
      "released_date": "22/03/2019",
      "plan": [
        "personal",
        "agency",
        "themegrill agency"
      ],
      "setting_url": "",
      "demo_video_url": "PEK-FBU8gP0",
      "popular_rank": 1
    },
    {
      "title": "Trello",
      "slug": "everest-forms-trello",
      "name": "Everest Forms- Trello",
      "image": "extensions-json/sections/images/trello.webp",
      "excerpt": "Connect your Everest Forms data to your Trello accounts. Use Trello API to link Everest Forms with Trello, syncing your website's form submissions with Trello tasks.",
      "link": "https://docs.everestforms.net/docs/trello/?utm_source=dashboard-all-features&utm_medium=card-documentation-link",
      "released_date": "20/05/2024",
      "plan": [
        "personal",
        "agency",
        "themegrill agency"
      ],
      "setting_url": "admin.php?page=evf-settings&tab=integration&section=trello",
      "demo_video_url": "9ouI1v9KScY"
    },
    {
      "title": "iContact",
      "slug": "everest-forms-icontact",
      "name": "Everest Forms- iContact",
      "image": "extensions-json/sections/images/icontact.webp",
      "excerpt": "Allows you to directly send entry info from Everest Forms to your iContact account. iContact assists in growing your audience with personalized, automated messages, driving leads, and product sales.",
      "link": "https://docs.everestforms.net/docs/icontact/?utm_source=dashboard-all-features&utm_medium=card-documentation-link",
      "released_date": "20/05/2024",
      "plan": [
        "personal",
        "agency",
        "themegrill agency"
      ],
      "setting_url": "admin.php?page=evf-settings&tab=integration&section=icontact",
      "demo_video_url": "Lqdh-LujsUA"
    },
    {
      "title": "Woocommerce",
      "slug": "everest-forms-woocommerce",
      "name": "Everest Forms- Woocommerce",
      "image": "extensions-json/sections/images/woocommerce.webp",
      "excerpt": "With WooCommerce for Everest Forms, you can add personalized form fields to WooCommerce product page on your website.",
      "link": "https://docs.everestforms.net/docs/woocommerce/?utm_source=dashboard-all-features&utm_medium=card-documentation-link",
      "released_date": "20/05/2024",
      "plan": [
        "personal",
        "agency",
        "themegrill agency"
      ],
      "setting_url": "",
      "demo_video_url": "TeZK82kxiLk"
    },
    {
      "title": "Moosend",
      "slug": "everest-forms-moosend",
      "name": "Everest Forms- Moosend",
      "image": "extensions-json/sections/images/moosend.webp",
      "excerpt": "Allows you to connect Everest Forms entries with Moosend account via their API to improve outreach and boost revenue through email marketing.",
      "link": "https://docs.everestforms.net/docs/moosend/?utm_source=dashboard-all-features&utm_medium=card-documentation-link",
      "released_date": "20/05/2024",
      "plan": [
        "personal",
        "agency",
        "themegrill agency"
      ],
      "setting_url": "admin.php?page=evf-settings&tab=integration&section=moosend",
      "demo_video_url": "xeTf9YP9cpM"
    },
    {
      "title": "Mailpoet",
      "slug": "everest-forms-mailpoet",
      "name": "Everest Forms- Mailpoet",
      "image": "extensions-json/sections/images/mailpoet.webp",
      "excerpt": "Allows you to combine MailPoet with Everest Forms for enhanced email marketing efforts. Access over 50 pre-designed email templates for effective email marketing and lead conversion.",
      "link": "https://docs.everestforms.net/docs/mailpoet/?utm_source=dashboard-all-features&utm_medium=card-documentation-link",
      "released_date": "20/05/2024",
      "plan": [
        "personal",
        "agency",
        "themegrill agency"
      ],
      "setting_url": "admin.php?page=evf-settings&tab=integration&section=mailpoet",
      "demo_video_url": "yFf3loV_azY"
    },
    {
      "title": "OnePageCRM",
      "slug": "everest-forms-onepagecrm",
      "name": "Everest Forms- OnePageCRM",
      "image": "extensions-json/sections/images/onepagecrm.webp",
      "excerpt": "OnePageCRM for Everest Forms helps you to easily send Everest Forms entries directly to your OnePageCRM customer relation account.",
      "link": "https://docs.everestforms.net/docs/onepagecrm/?utm_source=dashboard-all-features&utm_medium=card-documentation-link",
      "released_date": "20/05/2024",
      "plan": [
        "personal",
        "agency",
        "themegrill agency"
      ],
      "setting_url": "admin.php?page=evf-settings&tab=integration&section=onepagecrm",
      "demo_video_url": "42EUj-Dlnr0"
    },
    {
      "title": "Telegram",
      "slug": "everest-forms-telegram",
      "name": "Everest Forms Telegram",
      "image": "extensions-json/sections/images/telegram.webp",
      "excerpt": "Telegram integration for Everest Forms! Easily integrate this popular messaging platform with Everest Forms to offer your users a smooth and efficient interaction experience.",
      "link": "https://docs.everestforms.net/docs/telegram/?utm_source=dashboard-all-feature&utm_medium=card-documentation-link",
      "released_date": "07/08/2024",
      "plan": [
        "personal",
        "agency",
        "themegrill agency"
      ],
      "setting_url": "admin.php?page=evf-settings&tab=integration&section=telegram",
      "demo_video_url": "lAI-wh2EPfs"
    },
    {
      "title": "Brevo",
      "slug": "everest-forms-brevo",
      "name": "Everest Forms Brevo",
      "image": "extensions-json/sections/images/brevo.webp",
      "excerpt": "Connect newsletters, SMTP, marketing automation, and all your CRM tools in one place with Brevo integration (formerly Sendinblue) for Everest Forms.",
      "link": "https://docs.everestforms.net/docs/sendinblue/?utm_source=dashboard-all-feature&utm_medium=card-documentation-link",
      "released_date": "26/09/2022",
      "plan": [
        "personal",
        "agency",
        "themegrill agency"
      ],
      "setting_url": "admin.php?page=evf-settings&tab=integration&section=sendinblue",
      "demo_video_url": "d2Ujl82OJuA",
      "popular_rank": 26
    },
    {
      "title": "Drip",
      "slug": "everest-forms-drip",
      "name": "Everest Forms Drip",
      "image": "extensions-json/sections/images/drip.png",
      "excerpt": "With the Everest Forms Drip add-on, you can effortlessly create an unlimited number of newsletter signup forms and connect them to Drip.",
      "link": "https://docs.everestforms.net/docs/drip/?utm_source=dashboard-all-feature&utm_medium=card-documentation-link",
      "released_date": "15/06/2022",
      "plan": [
        "personal",
        "agency",
        "themegrill agency"
      ],
      "setting_url": "admin.php?page=evf-settings&tab=integration&section=drip",
      "demo_video_url": "4BBKgRelpgE",
      "popular_rank": 35
    },
    {
      "title": "ConvertKit",
      "slug": "everest-forms-convertkit",
      "name": "Everest Forms ConvertKit",
      "image": "extensions-json/sections/images/convertkit.png",
      "excerpt": "Allows you to efficiently grow your business by generating more leads with ConvertKit. It also helps increase automated emails for better lead generation.",
      "link": "https://docs.everestforms.net/docs/convertkit/?utm_source=dashboard-all-feature&utm_medium=card-documentation-link",
      "released_date": "10/08/2018",
      "plan": [
        "personal",
        "agency",
        "themegrill agency"
      ],
      "setting_url": "admin.php?page=evf-settings&tab=integration&section=convertkit",
      "demo_video_url": "9_JboNu_uaE",
      "popular_rank": 17
    },
    {
      "title": "GetResponse",
      "slug": "everest-forms-getresponse",
      "name": "Everest Forms GetResponse",
      "image": "extensions-json/sections/images/getresponse.png",
      "excerpt": "Allows your users to subscribe to GetResponse through form submissions. Users filling up the forms can be directly added to your subscribers list in GetResponse.",
      "link": "https://docs.everestforms.net/docs/getresponse/?utm_source=dashboard-all-feature&utm_medium=card-documentation-link",
      "released_date": "26/09/2022",
      "plan": [
        "personal",
        "agency",
        "themegrill agency"
      ],
      "setting_url": "admin.php?page=evf-settings&tab=integration&section=getresponse",
      "demo_video_url": "bXrjALmtADw"
    },
    {
      "title": "Salesflare",
      "slug": "everest-forms-salesflare",
      "name": "Everest Forms- Salesflare",
      "image": "extensions-json/sections/images/Salesflare.webp",
      "excerpt": "Boost your B2B business efficiency with Salesflare's simple and powerful CRM solution, now fully integrated with Everest Forms.",
      "link": "https://docs.everestforms.net/docs/salesflare/?utm_source=dashboard-all-features&utm_medium=card-documentation-link",
      "released_date": "07/08/2024",
      "plan": [
        "personal",
        "agency",
        "themegrill agency"
      ],
      "setting_url": "admin.php?page=evf-settings&tab=integration&section=salesflare",
      "demo_video_url": "IpXwi2Jc2uE"
    },
    {
      "title": "Constant Contact",
      "slug": "everest-forms-constant-contact",
      "name": "Everest Forms Constant Contact",
      "image": "extensions-json/sections/images/constant-contact.png",
      "excerpt": "Everest Forms Constant Contact add-on is a WordPress Constant Contact integration plugin that allows you to easily send Everest Forms entries directly to your Constant Contact account. ",
      "link": "https://docs.everestforms.net/docs/constant-contact/?utm_source=dashboard-all-feature&utm_medium=card-documentation-link",
      "released_date": "31/08/2022",
      "plan": [
        "personal",
        "agency",
        "themegrill agency"
      ],
      "setting_url": "admin.php?page=evf-settings&tab=integration&section=constant_contact",
      "demo_video_url": "SSovJr5-8b0",
      "popular_rank": 33
    },
    {
      "title": "Pipedrive",
      "slug": "everest-forms-pipedrive",
      "name": "Everest Forms Pipedrive",
      "image": "extensions-json/sections/images/pipedrive.png",
      "excerpt": "Everest Forms Pipedrive CRM add-on is a WordPress Pipedrive CRM integration plugin that allows you to easily send Everest Forms entries directly to your Pipedrive CRM account. ",
      "link": "https://docs.everestforms.net/docs/pipedrive/?utm_source=dashboard-all-feature&utm_medium=card-documentation-link",
      "released_date": "15/06/2022",
      "plan": [
        "personal",
        "agency",
        "themegrill agency"
      ],
      "setting_url": "admin.php?page=evf-settings&tab=integration&section=pipedrive",
      "demo_video_url": "84cGKj07g4g",
      "popular_rank": 32
    },
    {
      "title": "Square",
      "slug": "everest-forms-square",
      "name": "Everest Forms - Square",
      "image": "extensions-json/sections/images/square-payment.png",
      "excerpt": "Integrate your WordPress forms with our Square addon to unlock the ability to collect payments online securely and without any hassle.",
      "link": "https://docs.everestforms.net/docs/square/?utm_source=dashboard-all-features&utm_medium=card-documentation-link",
      "released_date": "07/08/2024",
      "plan": [
        "personal",
        "agency",
        "themegrill agency"
      ],
      "setting_url": "admin.php?page=evf-settings&tab=payment",
      "demo_video_url": "5ymZV-S0mMs"
    },
    {
      "title": "Airtable",
      "slug": "everest-forms-airtable",
      "name": "Everest Forms- Airtable",
      "image": "extensions-json/sections/images/Airtable.png",
      "excerpt": "Automate data storage from your WordPress forms directly into your Airtable database, ensuring seamless lead capture and more efficient follow-up.",
      "link": "https://docs.everestforms.net/docs/airtable/?utm_source=dashboard-all-features&utm_medium=card-documentation-link",
      "released_date": "07/08/2024",
      "plan": [
        "personal",
        "agency",
        "themegrill agency"
      ],
      "setting_url": "admin.php?page=evf-settings&tab=integration&section=airtable",
      "demo_video_url": "SS_N2OoT5wU"
    },
    {
      "title": "MailerLite",
      "slug": "everest-forms-mailerlite",
      "name": "Everest Forms MailerLite",
      "image": "extensions-json/sections/images/mailerlite.png",
      "excerpt": "Allows your users to subscribe to MailerLite through form submission via Everest Forms.",
      "link": "https://docs.everestforms.net/docs/mailerlite/?utm_source=dashboard-all-feature&utm_medium=card-documentation-link",
      "released_date": "15/07/2020",
      "plan": [
        "personal",
        "agency",
        "themegrill agency"
      ],
      "setting_url": "admin.php?page=evf-settings&tab=integration&section=mailerlite",
      "demo_video_url": "JqdNsPFKg5o",
      "popular_rank": 27
    },
    {
      "title": "Mailchimp",
      "slug": "everest-forms-mailchimp",
      "name": "Everest Forms Mailchimp",
      "image": "extensions-json/sections/images/mailchimp.png",
      "excerpt": "Allows your users to subscribe to Mailchimp through form submissions. Users filling up the forms can be directly added to your subscribers list in Mailchimp.",
      "link": "https://docs.everestforms.net/docs/mailchimp/?utm_source=dashboard-all-feature&utm_medium=card-documentation-link",
      "released_date": "10/08/2018",
      "plan": [
        "personal",
        "agency",
        "themegrill agency"
      ],
      "setting_url": "admin.php?page=evf-settings&tab=integration&section=mailchimp",
      "demo_video_url": "FhFsHdAIXwE",
      "popular_rank": 6
    },
    {
      "title": "Mollie",
      "slug": "everest-forms-mollie",
      "name": "Everest Forms Mollie",
      "image": "extensions-json/sections/images/mollie.webp",
      "excerpt": "Strengthen your payment options with Mollie Pay! Seamlessly integrate this powerful payment gateway to offer your users a smooth and secure transaction experience.",
      "link": "https://docs.everestforms.net/docs/mollie/?utm_source=dashboard-all-feature&utm_medium=card-documentation-link",
      "released_date": "07/08/2024",
      "plan": [
        "personal",
        "agency",
        "themegrill agency"
      ],
      "setting_url": "admin.php?page=evf-settings&tab=payment",
      "demo_video_url": "r263krbqzfo"
    },
    {
      "title": "Landing Pages",
      "slug": "everest-forms-landingpages",
      "name": "Everest Forms- LandingPages",
      "image": "extensions-json/sections/images/LandingPage.png",
      "excerpt": "Present your landing page as a form without going through the hassle of shortcodes and repetitive designing. A simple click, and that’s all you must do!",
      "link": "https://docs.everestforms.net/docs/landingpages/?utm_source=dashboard-all-features&utm_medium=card-documentation-link",
      "released_date": "07/08/2024",
      "plan": [
        "personal",
        "agency",
        "themegrill agency"
      ],
      "setting_url": "",
      "demo_video_url": "r2N26kMvEtE"
    },
    {
      "title": "Aweber",
      "slug": "everest-forms-aweber",
      "name": "Everest Forms- Aweber",
      "image": "extensions-json/sections/images/aweber.webp",
      "excerpt": "Connect your Aweber account with Everest Forms to automate data collection from forms effortlessly and efficiently.",
      "link": "https://docs.everestforms.net/docs/aweber/?utm_source=dashboard-all-features&utm_medium=card-documentation-link",
      "released_date": "13/09/2024",
      "plan": [
        "personal",
        "agency",
        "themegrill agency"
      ],
      "setting_url": "admin.php?page=evf-settings&tab=integration&section=aweber",
      "demo_video_url": ""
    },
    {
      "title": "Calculations",
      "slug": "everest-forms-calculations",
      "name": "Everest Forms Calculations",
      "image": "extensions-json/sections/images/calculations.png",
      "excerpt": "Calculations add-on allows you to perform calculations on the number/range fields within the form.",
      "link": "https://docs.everestforms.net/docs/calculations/?utm_source=dashboard-all-feature&utm_medium=card-documentation-link",
      "released_date": "29/03/2022",
      "plan": [
        "personal",
        "agency",
        "themegrill agency"
      ],
      "setting_url": "",
      "demo_video_url": "Ro5ZyyUdCGU",
      "popular_rank": 16
    },
    {
      "title": "Oxygen Builder",
      "slug": "everest-forms-oxygen-builder",
      "name": "Everest Forms Oxygen Builder",
      "image": "extensions-json/sections/images/oxygen.png",
      "excerpt": "Using Oxygen Builder, add your forms from Everest Forms to your website and customize them as needed.",
      "link": "https://docs.everestforms.net/docs/oxygen-builder/?utm_source=dashboard-all-feature&utm_medium=card-documentation-link",
      "released_date": "03/12/2024",
      "plan": [
        "personal",
        "agency",
        "themegrill agency"
      ],
      "setting_url": "",
      "demo_video_url": ""
    },
    {
      "title": "Slack",
      "slug": "everest-forms-slack",
      "name": "Everest Forms Slack",
      "image": "extensions-json/sections/images/Slack.png",
      "excerpt": " Instantly connect Everest Forms with Slack to receive form submission data directly in your channels, keeping your team in the loop in real time.",
      "link": "https://docs.everestforms.net/docs/slack/?utm_source=dashboard-all-feature&utm_medium=card-documentation-link",
      "released_date": "xx/xx/xx",
      "plan": [
        "personal",
        "agency",
        "themegrill agency"
      ],
      "setting_url": "",
      "demo_video_url": ""
    },
    {
      "title": "Bricks Builder",
      "slug": "everest-forms-bricks-builder",
      "name": "Everest Forms Bricks Builder",
      "image": "extensions-json/sections/images/bricks-builder.png",
      "excerpt": "Using Bricks Builder’s page editor, add your forms from Everest Forms to your website and customize them as needed.",
      "link": "https://docs.everestforms.net/docs/bricks-builder/?utm_source=dashboard-all-feature&utm_medium=card-documentation-link",
      "released_date": "03/12/2024",
      "plan": [
        "personal",
        "agency",
        "themegrill agency"
      ],
      "setting_url": "",
      "demo_video_url": ""
    },
    {
      "title": "Divi Builder",
      "slug": "everest-forms-divi-builder",
      "name": "Everest Forms Divi Builder",
      "image": "extensions-json/sections/images/divi.png",
      "excerpt": "Using Divi’s page editor, add your forms from Everest Forms to your website and customize them as needed. ",
      "link": "https://docs.everestforms.net/docs/divi-builder/?utm_source=dashboard-all-feature&utm_medium=card-documentation-link",
      "released_date": "03/12/2024",
      "plan": [
        "personal",
        "agency",
        "themegrill agency"
      ],
      "setting_url": "",
      "demo_video_url": ""
    },
    {
    "title": "Beaver Builder",
      "slug": "everest-forms-beaver-builder",
      "name": "Everest Forms Beaver Builder",
      "image": "extensions-json/sections/images/beaver-builder.png",
      "excerpt": "Using Beaver Builder's page editor, add your forms from Everest Forms to your website and customize them as needed.",
      "link": "https://docs.everestforms.net/docs/beaver-builder/?utm_source=dashboard-all-feature&utm_medium=card-documentation-link",
      "released_date": "03/12/2024",
      "plan": [
        "personal",
        "agency",
        "themegrill agency"
      ],
      "setting_url": "",
      "demo_video_url": ""
    },
    {
      "title": "ActiveCampaign",
      "slug": "everest-forms-activecampaign",
      "name": "Everest Forms ActiveCampaign",
      "image": "extensions-json/sections/images/activecampaign.png",
      "excerpt": "Allows your users to subscribe to ActiveCampaign through form submission via Everest Forms.",
      "link": "https://docs.everestforms.net/docs/activecampaign/?utm_source=dashboard-all-feature&utm_medium=card-documentation-link",
      "released_date": "15/07/2020",
      "plan": [
        "personal",
        "agency",
        "themegrill agency"
      ],
      "setting_url": "admin.php?page=evf-settings&tab=integration&section=activecampaign",
      "demo_video_url": "6b9q89cUMzE",
      "popular_rank": 25
    },
    {
      "title": "GetGist",
      "slug": "everest-forms-getgist",
      "name": "Everest Forms GetGist",
      "image": "extensions-json/sections/images/getgist.png",
      "excerpt": "Manage email marketing, automation of workflow, and customer engagement just from a single integration.",
      "link": "https://docs.everestforms.net/docs/getgist/?utm_source=dashboard-all-feature&utm_medium=card-documentation-link",
      "released_date": "xx/xx/2024",
      "plan": [
        "personal",
        "agency",
        "themegrill agency"
      ],
      "setting_url": "admin.php?page=evf-settings&tab=integration&section=getgist",
      "demo_video_url": "",
      "popular_rank": "xx"
    },
    {
      "title": "User Registration",
      "slug": "everest-forms-user-registration",
      "name": "Everest Forms User Registration",
      "image": "extensions-json/sections/images/user-registration.png",
      "excerpt": "Allows you to create a custom WordPress user registration form instantly in few simple steps. You can add or remove input fields as per the style of your registration using this feature.",
      "link": "https://docs.everestforms.net/docs/user-registration/?utm_source=dashboard-all-feature&utm_medium=card-documentation-link",
      "released_date": "16/07/2019",
      "plan": [
        "personal",
        "agency",
        "themegrill agency"
      ],
      "setting_url": "admin.php?page=evf-settings&tab=user_registration",
      "demo_video_url": "MEyuznG2Tok",
      "popular_rank": 12
    },
    {
      "title": "Campaign Monitor",
      "slug": "everest-forms-campaign-monitor",
      "name": "Everest Forms Campaign Monitor",
      "image": "extensions-json/sections/images/campaign-monitor.png",
      "excerpt": "Allows your users to subscribe to Campaign Monitor through form submission via Everest Forms.",
      "link": "https://docs.everestforms.net/docs/campaign-monitor/?utm_source=dashboard-all-feature&utm_medium=card-documentation-link",
      "released_date": "16/10/2020",
      "plan": [
        "personal",
        "agency",
        "themegrill agency"
      ],
      "setting_url": "admin.php?page=evf-settings&tab=integration&section=campaign_monitor",
      "demo_video_url": "GBJMxmCurzw",
      "popular_rank": 29
    },
    {
      "title": "CleverReach",
      "slug": "everest-forms-cleverreach",
      "name": "Everest Forms CleverReach",
      "image": "extensions-json/sections/images/cleverreach.png",
      "excerpt": " Sync form submissions automatically with CleverReach to build and manage email campaigns.",
      "link": "https://docs.everestforms.net/docs/cleverreach/?utm_source=dashboard-all-feature&utm_medium=card-documentation-link",
      "released_date": "03/12/2024",
      "plan": [
        "personal",
        "agency",
        "themegrill agency"
      ],
      "setting_url": "admin.php?page=evf-settings&tab=integration&section=cleverreach",
      "demo_video_url": ""
    },
      {
        "title": "WP Bakery Builder",
        "slug": "everest-forms-wpbakery-builder",
        "name": "Everest Forms WP Bakery Builder",
        "image": "extensions-json/sections/images/wpbakery.png",
        "excerpt": "Using WPBakery’s page editor, add your forms from Everest Forms to your website and customize them as needed. ",
        "link": "https://docs.everestforms.net/docs/wp-bakery-builder/?utm_source=dashboard-all-feature&utm_medium=card-documentation-link",
        "released_date": "03/12/2024",
        "plan": [
          "personal",
          "agency",
          "themegrill agency"
        ],
        "setting_url": "",
        "demo_video_url": ""
      },
      {
        "title": "SMS Notifications",
        "slug": "everest-forms-sms-notifications",
        "name": "Everest Forms SMS Notifications",
        "image": "extensions-json/sections/images/sms-notifications.png",
        "excerpt": "Using the Everest Forms SMS Notifications Add-on, you can now easily configure any online form to receive an SMS notification when a form is being submitted.",
        "link": "https://docs.everestforms.net/docs/sms-notification/?utm_source=dashboard-all-feature&utm_medium=card-documentation-link",
        "released_date": "19/05/2022",
        "plan": [
          "personal",
          "agency",
          "themegrill agency"
        ],
        "setting_url": "admin.php?page=evf-settings&tab=integration&section=sms_notifications",
        "demo_video_url": "tz4UKBX9WxM",
        "popular_rank": 22
      },
      {
        "title": "QR Generator",
        "slug": "everest-forms-qr-generator",
        "name": "Everest Forms QR Generator",
        "image": "extensions-json/sections/images/qr-generator.png",
        "excerpt": "Create instant QR codes for easy access to your forms.",
        "link": "https://docs.everestforms.net/docs/qr-generator/?utm_source=dashboard-all-feature&utm_medium=card-documentation-link",
        "released_date": "xx/xx/xx",
        "plan": [
          "personal",
          "agency",
          "themegrill agency"
        ],
        "setting_url": "",
        "demo_video_url": ""
      },
      {
        "title": "amoCRM",
        "slug": "everest-forms-amocrm",
        "name": "Everest Forms amoCRM",
        "image": "extensions-json/sections/images/amoCRM.png",
        "excerpt": "Smoothly sync form submissions with amoCRM for effortless lead management.",
        "link": "https://docs.everestforms.net/docs/amocrm/?utm_source=dashboard-all-feature&utm_medium=card-documentation-link",
        "released_date": "xx/xx/xx",
        "plan": [
          "personal",
          "agency",
          "themegrill agency"
        ],
        "setting_url": "admin.php?page=evf-settings&tab=integration&section=amocrm",
        "demo_video_url": ""
      }
  ]
}
